{
	"info": {
		"_postman_id": "a170d96a-03f9-4f6f-95f1-c7a1af402bd9",
		"name": "counselor",
		"schema": "https://schema.getpostman.com/json/collection/v2.1.0/collection.json"
	},
	"item": [
		{
			"name": "Users",
			"item": [
				{
					"name": "User Signup",
					"request": {
						"method": "POST",
						"header": [
							{
								"key": "Content-Type",
								"name": "Content-Type",
								"value": "application/json",
								"type": "text"
							}
						],
						"body": {
							"mode": "raw",
							"raw": "{\n\t\"firstName\": \"Jack\",\n    \"lastName\": \"Ryan\",\n    \"email\": \"jackrya2n1@hotmail.com\",\n    \"password\": \"Pass@123\",\n    \"currency\": \"USD\"\n}",
							"options": {
								"raw": {
									"language": "json"
								}
							}
						},
						"url": {
							"raw": "http://localhost:3000/api/root/signup",
							"protocol": "http",
							"host": [
								"localhost"
							],
							"port": "3000",
							"path": [
								"api",
								"root",
								"signup"
							]
						},
						"description": "Add a User"
					},
					"response": [
						{
							"name": "User Signup",
							"originalRequest": {
								"method": "POST",
								"header": [
									{
										"key": "Content-Type",
										"name": "Content-Type",
										"value": "application/json",
										"type": "text"
									}
								],
								"body": {
									"mode": "raw",
									"raw": "{\n\t\"firstName\": \"Jack\",\n    \"lastName\": \"Ryan\",\n    \"email\": \"jackrya2n1@hotmail.com\",\n    \"password\": \"Pass@123\",\n    \"currency\": \"USD\"\n}",
									"options": {
										"raw": {
											"language": "json"
										}
									}
								},
								"url": {
									"raw": "http://localhost:3000/api/root/signup",
									"protocol": "http",
									"host": [
										"localhost"
									],
									"port": "3000",
									"path": [
										"api",
										"root",
										"signup"
									]
								}
							},
							"status": "OK",
							"code": 200,
							"_postman_previewlanguage": "json",
							"header": [
								{
									"key": "X-Powered-By",
									"value": "Express"
								},
								{
									"key": "Content-Type",
									"value": "application/json; charset=utf-8"
								},
								{
									"key": "Content-Length",
									"value": "284"
								},
								{
									"key": "ETag",
									"value": "W/\"11c-ftDYROA0Sq/J0niEN+UEiv4oA2o\""
								},
								{
									"key": "Set-Cookie",
									"value": "AuthCookie=s%3Ad6c647d5-59e4-4943-b2cf-3b979a5ddc4a.AXtVlVaGenJ8W%2B8ZHzfeHUZwkfG%2Fr5pFBZkvb9dUOD8; Path=/; HttpOnly"
								},
								{
									"key": "Date",
									"value": "Sun, 08 Mar 2020 04:42:49 GMT"
								},
								{
									"key": "Connection",
									"value": "keep-alive"
								}
							],
							"cookie": [],
							"body": "{\n    \"_id\": \"c58fdd61-ff5b-492b-b413-be4a610acf6f\",\n    \"firstName\": \"Jack\",\n    \"lastName\": \"Ryan\",\n    \"email\": \"jackrya2n1@hotmail.com\",\n    \"currency\": \"USD\",\n    \"published\": [],\n    \"purchased\": [],\n    \"rewards\": [],\n    \"spent\": [],\n    \"courses\": [],\n    \"balance\": 0,\n    \"privateKey\": \"SA2IXMGOBGW2LLMWIKKYTLERK6O2K5L2RORCVBEVLJ2Q65JVCKNK5H6S\"\n}"
						}
					]
				},
				{
					"name": "User Signin",
					"request": {
						"method": "POST",
						"header": [
							{
								"key": "Content-Type",
								"name": "Content-Type",
								"value": "application/json",
								"type": "text"
							}
						],
						"body": {
							"mode": "raw",
							"raw": "{\n    \"email\": \"jackrya2n1@hotmail.com\",\n    \"password\": \"Pass@123\"\n}",
							"options": {
								"raw": {
									"language": "json"
								}
							}
						},
						"url": {
							"raw": "http://localhost:3000/api/root/login",
							"protocol": "http",
							"host": [
								"localhost"
							],
							"port": "3000",
							"path": [
								"api",
								"root",
								"login"
							]
						}
					},
					"response": [
						{
							"name": "User Signin",
							"originalRequest": {
								"method": "POST",
								"header": [
									{
										"key": "Content-Type",
										"name": "Content-Type",
										"value": "application/json",
										"type": "text"
									}
								],
								"body": {
									"mode": "raw",
									"raw": "{\n    \"email\": \"jackryan@hotmail.com\",\n    \"password\": \"Pass@123\"\n}",
									"options": {
										"raw": {
											"language": "json"
										}
									}
								},
								"url": {
									"raw": "http://localhost:3000/api/user/login",
									"protocol": "http",
									"host": [
										"localhost"
									],
									"port": "3000",
									"path": [
										"api",
										"user",
										"login"
									]
								}
							},
							"status": "OK",
							"code": 200,
							"_postman_previewlanguage": "json",
							"header": [
								{
									"key": "X-Powered-By",
									"value": "Express"
								},
								{
									"key": "Content-Type",
									"value": "application/json; charset=utf-8"
								},
								{
									"key": "Content-Length",
									"value": "261"
								},
								{
									"key": "ETag",
									"value": "W/\"105-cFhVMS46bgnMgGRN450aFRjmfTU\""
								},
								{
									"key": "Set-Cookie",
									"value": "AuthCookie=s%3A446be0a2-a3c9-44a0-8eb3-38be87f42451.jZFkqrkimvLq%2Ffax5rfYRez0qW6DdtUyU2ZdN%2BD5Fu8; Path=/; HttpOnly"
								},
								{
									"key": "Date",
									"value": "Sat, 07 Mar 2020 07:16:32 GMT"
								},
								{
									"key": "Connection",
									"value": "keep-alive"
								}
							],
							"cookie": [],
							"body": "{\n    \"_id\": \"xkDQVbVxTRqjda4HauY05Q==\",\n    \"firstName\": \"Jack\",\n    \"lastName\": \"Ryan\",\n    \"email\": \"jackryan@hotmail.com\",\n    \"hashedPassword\": \"$2a$08$ztr3s47o2YxRxrdPPbzQhufin4plasTB1yCjQGpgRPREkxwxZugfy\",\n    \"published\": [],\n    \"purchased\": [],\n    \"rewards\": [],\n    \"spent\": [],\n    \"courses\": [],\n    \"balance\": 0\n}"
						}
					]
				},
				{
					"name": "User Logout",
					"request": {
						"method": "GET",
						"header": [],
						"url": {
							"raw": "http://localhost:3000/api/root/logout",
							"protocol": "http",
							"host": [
								"localhost"
							],
							"port": "3000",
							"path": [
								"api",
								"root",
								"logout"
							]
						}
					},
					"response": [
						{
							"name": "User Logout",
							"originalRequest": {
								"method": "GET",
								"header": [],
								"url": {
									"raw": "http://localhost:3000/api/user/logout",
									"protocol": "http",
									"host": [
										"localhost"
									],
									"port": "3000",
									"path": [
										"api",
										"user",
										"logout"
									]
								}
							},
							"status": "No Content",
							"code": 204,
							"_postman_previewlanguage": "plain",
							"header": [
								{
									"key": "X-Powered-By",
									"value": "Express"
								},
								{
									"key": "Date",
									"value": "Sat, 07 Mar 2020 07:16:38 GMT"
								},
								{
									"key": "Connection",
									"value": "keep-alive"
								}
							],
							"cookie": [],
							"body": null
						}
					]
				},
				{
					"name": "Get User Transactions",
					"request": {
						"method": "GET",
						"header": [],
						"url": {
							"raw": "http://localhost:3000/api/user/2fbad29a-d4b8-4797-93a2-dee3dd9a7c7e/transactions",
							"protocol": "http",
							"host": [
								"localhost"
							],
							"port": "3000",
							"path": [
								"api",
								"user",
								"2fbad29a-d4b8-4797-93a2-dee3dd9a7c7e",
								"transactions"
							]
						}
					},
					"response": []
				},
				{
					"name": "Get User By Id",
					"request": {
						"method": "GET",
						"header": [],
						"url": {
							"raw": "http://localhost:3000/api/user/6087091e-47fd-4497-af3d-4fe40d9fbf5c",
							"protocol": "http",
							"host": [
								"localhost"
							],
							"port": "3000",
							"path": [
								"api",
								"user",
								"6087091e-47fd-4497-af3d-4fe40d9fbf5c"
							]
						}
					},
					"response": []
				},
				{
					"name": "Get User Balance",
					"request": {
						"method": "GET",
						"header": [],
						"url": {
							"raw": "http://localhost:3000/api/user/balance",
							"protocol": "http",
							"host": [
								"localhost"
							],
							"port": "3000",
							"path": [
								"api",
								"user",
								"balance"
							]
						}
					},
					"response": [
						{
							"name": "Get User Balance",
							"originalRequest": {
								"method": "GET",
								"header": [],
								"url": {
									"raw": "http://localhost:3000/api/user/balance",
									"protocol": "http",
									"host": [
										"localhost"
									],
									"port": "3000",
									"path": [
										"api",
										"user",
										"balance"
									]
								}
							},
							"status": "OK",
							"code": 200,
							"_postman_previewlanguage": "json",
							"header": [
								{
									"key": "X-Powered-By",
									"value": "Express"
								},
								{
									"key": "Content-Type",
									"value": "application/json; charset=utf-8"
								},
								{
									"key": "Content-Length",
									"value": "115"
								},
								{
									"key": "ETag",
									"value": "W/\"73-ttHISnplAunRx22Yj8PtDn/H8vg\""
								},
								{
									"key": "Date",
									"value": "Sun, 08 Mar 2020 12:29:59 GMT"
								},
								{
									"key": "Connection",
									"value": "keep-alive"
								}
							],
							"cookie": [],
							"body": "[\n    {\n        \"balance\": \"10.0000000\",\n        \"buying_liabilities\": \"0.0000000\",\n        \"selling_liabilities\": \"0.0000000\",\n        \"asset_type\": \"native\"\n    }\n]"
						}
					]
				},
				{
					"name": "Get Sessions",
					"request": {
						"method": "GET",
						"header": [],
						"url": {
							"raw": "http://localhost:3000/api/user/sessions",
							"protocol": "http",
							"host": [
								"localhost"
							],
							"port": "3000",
							"path": [
								"api",
								"user",
								"sessions"
							]
						}
					},
					"response": []
				},
				{
					"name": "Get readable articles for user",
					"request": {
						"method": "GET",
						"header": [],
						"url": {
							"raw": "http://localhost:3000/api/user/articles",
							"protocol": "http",
							"host": [
								"localhost"
							],
							"port": "3000",
							"path": [
								"api",
								"user",
								"articles"
							]
						}
					},
					"response": []
				}
			],
			"protocolProfileBehavior": {}
		},
		{
			"name": "Articles",
			"item": [
				{
					"name": "Get Article by id",
					"request": {
						"method": "GET",
						"header": [],
						"url": {
							"raw": ""
						}
					},
					"response": []
				},
				{
					"name": "Update Article",
					"request": {
						"method": "PUT",
						"header": [],
						"url": {
							"raw": "http://localhost:3000/api/articles/af81e708-f3d7-48c6-9ccd-c33b80d423e8",
							"protocol": "http",
							"host": [
								"localhost"
							],
							"port": "3000",
							"path": [
								"api",
								"articles",
								"af81e708-f3d7-48c6-9ccd-c33b80d423e8"
							]
						}
					},
					"response": []
				},
				{
					"name": "Add Article",
					"request": {
						"method": "POST",
						"header": [
							{
								"key": "Content-Type",
								"name": "Content-Type",
								"value": "application/json",
								"type": "text"
							}
						],
						"body": {
							"mode": "raw",
							"raw": "{\n\t\"title\": \"title with author\",\n\t\"text\": \"text with author\"\n}",
							"options": {
								"raw": {
									"language": "json"
								}
							}
						},
						"url": {
							"raw": "http://localhost:3000/api/articles",
							"protocol": "http",
							"host": [
								"localhost"
							],
							"port": "3000",
							"path": [
								"api",
								"articles"
							]
						},
						"description": "AddArticle"
					},
					"response": []
				},
				{
					"name": "Purchase Article",
					"request": {
						"method": "POST",
						"header": [],
						"url": {
							"raw": "http://localhost:3000/api/articles/2791265d-8315-44be-9329-128d14da2390/purchase",
							"protocol": "http",
							"host": [
								"localhost"
							],
							"port": "3000",
							"path": [
								"api",
								"articles",
								"2791265d-8315-44be-9329-128d14da2390",
								"purchase"
							]
						}
					},
					"response": []
				}
			],
			"protocolProfileBehavior": {}
		}
	],
	"protocolProfileBehavior": {}
}